index;0
secretaria;21
federal;14
de;1518
controle;56
interno;31
programa;21
fiscalizacao;26
em;274
entes;3
federativos;2
v;10
o;402
ciclo;2
numero;8
do;353
relatorio;14
sumario;1
executivo;1
placido;118
castro;119
ac;105
introducao;5
este;18
trata;3
dos;240
resulta;1
exames;24
realizados;17
sobre;30
tres;7
acoes;52
governo;7
executadas;2
pela;61
prefeitura;139
municipal;86
decorrencia;2
a;630
teve;5
como;50
objetivo;18
analisar;1
aplicacao;17
recursos;110
federais;34
repassados;12
ao;137
municipio;55
relativ;1
s;61
periodo;28
escop;1
indicado;1
individualmente;1
cada;11
acao;10
tendo;13
sido;19
os;228
trabalhos;9
campo;11
executados;5
no;230
agosto;51
as;176
examinadas;1
por;113
ocasiao;2
da;318
foram;92
nacional;8
alimentacao;27
escolar;29
pnae;27
incentivo;1
financeiro;2
aos;31
estados;4
distrito;4
e;432
municipios;7
para;239
vigilancia;30
saude;82
combate;27
mosquito;20
edes;1
aegypt;1
bloco;33
atencao;33
basica;37
es;7
trita;1
observancia;1
normas;4
aplicaveis;1
servico;8
publico;2
utilizadas;1
dentre;2
outras;2
tecnicas;4
inspec;1
fisica;11
registros;7
fotograficos;3
analise;32
documenta;1
l;3
realizacao;14
entrevistas;7
questionarios;1
ituacoes;1
evidenciadas;6
nos;50
segmentadas;1
acordo;7
com;171
competencia;4
mo;3
nitoramento;1
ser;21
realizado;8
pelo;77
ministerio;24
transparencia;2
controladoria;12
geral;12
uniao;10
primeira;3
parte;24
destinad;1
orgaos;6
entidades;2
d;25
administracao;4
publica;1
gestores;13
programas;7
execucao;28
descentralizada;1
apresentara;1
situacoes;16
que;347
principio;1
demandarao;4
adocao;10
medidas;15
preventivas;4
corretivas;12
desses;2
visando;5
melhoria;4
ou;32
instauracao;4
competente;4
tomada;8
contas;15
especiais;3
quais;10
serao;21
monitoradas;4
na;82
segunda;1
apresentadas;11
decorr;1
levantamentos;1
necessarios;2
adequada;6
contextualizacao;1
das;104
constatacoes;5
relatadas;3
dessa;5
forma;20
compoem;5
conhecimento;7
ministerios;4
repassadores;4
bem;26
defesa;4
estado;16
providencias;18
ambito;11
suas;20
competencias;6
embora;8
nao;208
exijam;4
isoladas;4
part;1
pastas;5
ministeriais;4
realizara;4
monitoramento;7
isolado;4
saneadoras;3
relacionadas;12
estas;7
in;7
dicado;1
res;1
socioeconomicos;1
ente;2
fiscalizado;11
populacao;1
indice;1
pobreza;1
pib;1
per;4
capita;3
eleitores;1
area;8
fonte;16
sitio;1
ibge;1
formacoes;1
realizadas;23
fiscalizados;1
qt;1
montante;9
educacao;17
totalizacao;4
aperfeicoamento;1
sistema;10
unico;3
sus;3
financeira;10
executores;1
previamente;2
informados;1
fatos;9
relatados;1
apresentado;8
manifestacoes;2
acerca;5
detectadas;6
integradas;1
conteudo;2
cabendo;1
supervisor;1
casos;3
pert;1
inentes;1
adotar;5
consecucao;2
politicas;1
publicas;2
apuracao;1
responsabilidades;1
consolidacao;1
resultados;7
durante;11
constatadas;1
varias;2
falhas;12
relativas;1
recu;1
rsos;1
fe;1
derais;1
examinados;2
sequencia;1
delineiam;1
se;254
maior;4
relevancia;2
quanto;24
impactos;1
efetividade;3
avaliadas;1
detectou;1
bens;34
alimenticios;20
armazens;8
escolas;75
deficitario;2
aumentando;1
risco;3
eventuais;2
pagamentos;15
produtos;22
entregues;20
alem;37
disso;30
contratou;6
apenas;12
um;34
profissional;14
nutricionista;27
carga;13
horaria;13
semanal;4
dez;3
horas;4
indo;1
encontro;2
resolucao;23
cfn;8
recomenda;1
existencia;7
responsavel;19
tecnico;7
minima;9
h;6
semanais;7
dois;8
nutricionistas;6
habilitados;3
quadro;24
equipe;8
nas;38
fiscalizadas;2
constatou;37
ausencia;7
telas;4
milimetricas;5
protecao;6
insetos;5
seus;8
comprovante;7
pragas;4
ademais;14
f;6
oram;1
encontrados;5
alimentos;28
natura;3
improprios;3
consumo;10
duas;7
cinco;10
visitadas;4
possuiam;9
refeitorio;4
fim;38
destaca;4
atuacao;11
deficitaria;2
conselho;22
cae;59
esta;21
acompanhando;2
todas;11
fases;3
desacordo;9
prerrogativas;3
legais;4
regimentais;5
aedes;18
aegypti;16
realizou;22
irregularmente;5
transferencias;8
conta;82
destinada;8
sem;6
justificar;2
destinacao;4
despesas;11
foi;44
possivel;9
constatar;3
tem;13
aplicado;3
tempestiva;3
financeiros;16
transferidos;30
tambem;13
evidenciaram;3
ineficacia;2
gestao;26
atividades;29
ligadas;2
capacitacao;14
agentes;14
endemias;17
ace;10
nove;3
exercicio;11
somente;7
passaram;2
treinamento;12
previo;2
outros;10
sete;3
receberam;6
inicial;9
exercer;3
muito;3
menos;5
continuado;2
tocante;2
insumos;29
escentralizados;1
condicoes;13
armazenamento;17
utilizados;20
sao;39
inadequadas;3
avaliar;10
comp;2
atibilidade;1
precos;20
praticados;10
aquisicoes;11
ofertados;3
mercado;9
verificou;35
adquiriu;3
tablets;8
valor;27
acima;7
media;4
ofertada;2
causando;2
prejuizo;4
est;1
imado;1
r;83
erario;6
avaliados;4
movimentados;7
sua;38
totalidade;6
especifica;24
vista;11
total;23
transferido;6
municip;2
io;3
preceitua;2
art;30
decreto;6
junho;21
estabelece;10
depositados;5
mantidos;8
aberta;6
instituicoes;6
financeiras;6
oficiais;5
apesar;3
anali;1
estar;6
segmentada;1
ministerial;1
deve;5
perder;1
aspectos;2
transversais;1
caracterizam;1
mais;9
fortemente;1
deficiencias;1
sendo;16
pois;4
aqueles;1
corrigidos;3
tendem;1
gerar;1
relevantes;3
melhorias;1
ordem;4
uf;3
orgao;11
instrumento;5
transferencia;41
aplica;2
unidade;37
examinada;26
inanceiros;3
entre;14
visaram;1
fiscalizar;2
apoio;6
constitui;2
epasse;1
oferta;1
alunos;8
matriculados;3
etapas;3
modalidades;1
redes;1
qualificadas;1
filantropicas;1
elas;4
mantidas;1
objetivaram;3
verificar;29
fundo;11
desenvolvimento;2
fnde;10
janeiro;15
regularmente;2
aplicados;10
vistas;5
atender;3
necessidades;1
nutricionais;3
estudantes;1
permanencia;1
sala;3
aula;2
contribuindo;1
crescimento;1
biopsic;1
ossocial;1
aprendizagem;1
rendimento;1
formacao;6
habitos;1
alimentares;2
saudaveis;1
nesse;11
repassou;1
p;10
lacido;1
analisada;1
m;24
unicipais;1
selecionadas;4
segundo;5
criterio;5
materialidade;4
especial;2
armazenagem;1
preparo;3
fornecimento;4
seguintes;11
elias;2
mansour;2
simao;2
casinha;7
saber;9
jose;3
valmir;3
lima;3
urbana;2
domingos;2
galdino;2
ligia;9
carvalho;8
silva;10
rural;3
constituicao;4
efetivo;1
desempenho;1
coleg;1
iado;1
carater;2
fiscalizador;1
permanente;1
deliberativo;1
assessoramento;1
instituido;1
fins;1
propostos;1
analisados;3
processos;16
licitatorios;11
vigentes;3
peri;1
odo;2
contratual;2
resultante;1
certames;1
movimentacao;12
outrossim;1
vistorias;1
armazem;18
municipais;7
nutricao;5
servidores;3
terceirizados;1
at;4
uam;1
preparacao;4
apresentados;23
saneamento;3
encontradas;6
realizada;24
nesta;7
peciais;1
contratados;10
abaixo;3
parametros;1
previstos;1
fato;66
atuac;1
responsaveis;2
solicitaram;6
informacoes;13
profissionais;10
respectivos;4
cabe;20
informar;3
cidade;1
possuia;1
atendidos;2
conforme;32
quantitativo;9
implica;1
n;6
devidamente;12
habilitado;3
re;2
gional;1
minimo;3
estipulado;1
norma;1
supramencionada;1
saliente;1
ainda;21
contrato;8
aditivo;1
fazem;2
mencao;3
manifestacao;47
meio;42
anexos;14
oficio;24
pmpc;29
semed;39
setembro;30
placi;2
assim;30
manifestou;28
desconhecimento;2
legislacao;8
constatado;4
base;6
teremos;1
contratar;1
profissi;1
onais;1
colocamos;1
manifestacaounidadeexaminada;19
limitou;2
afirmar;2
desconhecia;1
afirmou;4
generica;3
ira;4
regularizar;3
situacao;9
mas;24
apresentou;19
elementos;5
indiquem;5
efetivas;2
contratacao;11
analisecontroleinterno;23
cardapios;29
elaborados;10
contem;4
possam;1
permitir;2
calculos;1
cobertura;3
nutricional;3
exigida;2
elaboracao;7
atende;3
requisitos;5
tecnicos;3
afericao;1
valores;32
obedecer;1
principios;1
variedade;1
harmonia;1
considerando;6
frequencia;1
pratos;1
grupos;1
compo;1
solicitou;5
atenderam;1
contempladas;4
ate;11
vidamente;1
anteriormente;3
inicio;3
periodos;1
letivos;1
contudo;11
alimento;4
tais;3
proteina;1
lipidios;1
carboidratos;1
vitamina;1
calcio;1
ferro;1
caloricos;1
totais;1
expressos;1
grama;1
miligramas;1
mililitros;1
tal;8
impede;1
verifiquem;1
limites;1
maximos;1
impostos;1
relacao;18
capitas;1
feitas;1
sim;5
planilhas;6
excel;1
encontram;5
manif;2
estacaounidadeexaminada;2
rgumentou;2
existem;3
entretanto;6
disponibilizadas;1
nem;5
somatorio;2
quantidades;5
informadas;1
termos;14
remessa;15
generos;9
inferior;2
atestadas;1
notas;10
fiscais;9
aquisicao;16
controles;16
estoques;2
alim;1
enticios;1
adquiridos;18
estao;15
maneira;4
eficiente;1
guias;15
recebimento;14
central;2
localizado;2
coteja;1
las;1
estabelecimentos;1
ensino;2
quantitativos;9
equivalentes;2
possui;8
atestos;2
contabilizam;1
compra;6
agregada;1
mes;7
porem;10
entregas;6
global;3
uma;28
data;14
parceladas;1
variando;1
carnes;1
oriundos;4
agricultura;4
familiar;5
parcelada;1
pratica;3
portanto;5
ha;12
estoque;12
regist;2
ros;1
semanalmente;1
efetuado;2
exclusivamente;7
espelha;1
fluxo;1
apresenta;4
planilha;7
escola;17
designacao;2
preenchidos;1
momento;6
despacho;1
funcionar;2
imprime;1
corrige;1
mao;1
impressos;1
impedindo;1
interpretacao;2
correta;1
certeza;3
quando;11
entrega;18
todos;9
produto;10
disponibilizado;3
entrevista;5
gestor;14
estes;5
registro;13
destas;2
ntregas;1
totalmente;2
confiaveis;1
possuem;4
semelhante;1
mesmos;4
problemas;3
apontados;2
impressas;1
corrigido;2
remessas;1
compararam;2
amostra;6
tomando;2
referencia;3
ano;12
fidedignas;1
seguir;8
comparativo;1
guia;7
diferenca;3
kg;47
carne;16
bovina;16
maio;9
salsicha;4
frango;8
peito;4
abril;6
arroz;8
marco;5
ultimo;3
comparou;1
via;3
equiva;1
lentes;1
selecionou;1
seis;2
sintetiza;1
achados;1
enviados;3
alime;2
nticios;1
preco;18
unitario;3
quantidade;12
adquirida;2
enviada;2
coxa;4
sobrecoxa;4
leite;6
c;31
lt;2
hot;2
dog;2
fornecidos;8
analisando;2
constantes;4
quadros;1
constata;7
houve;20
diferencas;1
significativas;2
exemplo;4
apena;1
computando;1
exercicios;4
perfaz;1
litros;7
nota;8
fiscal;5
mesmo;14
inspecao;10
dia;12
havia;8
informacao;5
confirmada;2
inventario;2
neste;3
interim;2
novas;2
outra;2
inconsistencia;1
verificada;1
emitida;1
ultima;1
ocorreu;5
item;3
posto;1
isso;7
exist;1
encia;1
salientar;3
virtude;2
deficiencia;1
imprecisoes;1
mencionadas;1
emitir;2
opiniao;1
ocorrencia;6
pagamento;19
superfaturamento;3
apontar;1
configuram;1
razoavel;1
atraves;1
termo;4
qual;5
adq;1
uirido;1
consta;2
itens;7
serem;2
faltam;1
alguns;6
posteriormente;2
afirmam;1
referente;9
demais;6
consideracoes;3
iremos;3
adequar;2
melhor;3
con;3
trole;1
informou;8
realizariam;1
arma;1
zem;1
tampouco;3
impropriedades;4
apontadas;8
avaliacao;6
estruturacao;1
intuito;2
constituido;3
membros;16
formalmente;2
designados;2
indicacao;1
pelos;16
segmentos;1
processo;9
escolha;2
representantes;2
elaborado;4
egimento;1
i;10
nterno;1
atos;2
seu;3
regimento;6
documentos;27
relacionados;3
objeto;6
adicionalmente;1
presidente;8
visita;7
locais;3
onde;5
reune;1
lei;9
alterado;1
pe;6
la;1
aprovado;1
composicao;2
segue;2
disposto;3
comprovacao;6
assembleia;1
consignad;1
ata;5
pais;3
sociedade;1
civil;1
forneceu;1
formal;2
deg;2
pre;1
ve;3
nomeacao;1
conselheiros;1
ato;2
especifico;3
prefeito;5
possua;1
estrutura;2
propria;5
reunioes;9
convocadas;1
dependencias;3
infraestrutura;1
mesas;1
cadeiras;1
computadores;1
impressoras;1
arquivos;2
informado;2
q;3
uando;1
necessario;3
coloca;1
disposicao;1
veiculo;1
proprio;7
transporte;2
emitiu;1
pareceres;1
rados;1
conselhos;1
igecon;1
vencidos;4
deteriorados;4
qualidade;3
localizavam;1
seleca;1
recebidos;4
manufaturados;1
industrializados;1
estavam;13
dentro;1
validade;6
sinais;2
deterioracao;3
decorrentes;1
fungos;1
produtores;1
estragados;3
mofo;5
haviam;3
ntregues;1
anterior;2
inquirir;1
merendeiras;9
porque;4
terem;3
aceitado;1
naquelas;1
afirmaram;2
recebiam;1
eram;7
rapidamente;1
tempo;5
detectar;1
relatos;1
comum;2
nestas;2
fotos;4
foto;14
cenouras;2
bacia;1
bananas;2
mamoes;1
descartados;1
merendeira;1
mandioca;4
encontrada;3
corte;1
transversal;1
demonstrando;2
impropria;3
mamao;2
passado;1
estragadas;2
mandiocas;3
banana;2
enviou;1
pelas;2
casinh;1
manifestam;1
of;33
b;13
vem;4
cortada;3
facilitando;2
verduras;1
algumas;7
vezes;3
chegam;5
murchas;1
machucadas;1
ja;21
otimo;1
pago;4
grande;2
chega;1
sempre;2
necessidade;4
selecionar;1
murchos;1
macaxeira;1
cenoura;1
questao;1
so;5
pontas;1
escuras;1
estava;4
feito;4
selecao;2
suficiente;6
bom;2
pagos;2
todavia;12
qualquer;2
documentacao;10
comprove;2
venio;1
extensao;2
agroflorestal;1
producao;2
seaprof;2
deste;9
convenio;1
essa;3
origem;3
ornecimento;1
fornecida;1
colaboradores;9
contrario;3
era;3
entregue;5
casca;2
fatiou;1
demonstrar;2
penetrado;1
interior;1
tuberculo;1
frise;1
vistoria;3
seguinte;2
cortadas;1
estragariam;1
outro;5
recebidas;1
destacar;16
demonstraram;2
ter;7
ciencia;1
problema;1
algum;2
seleciona;1
los;1
ap;1
resentados;1
quaisquer;2
comunicando;1
mau;1
seja;4
instalacoes;2
fisicas;4
ntos;1
merenda;7
escolhidas;1
ecebidos;1
geladeira;1
freezer;1
pereciveis;2
edificacoes;1
salas;2
boas;1
ondicoes;1
ventiladas;2
proximos;2
banheiros;1
expostos;1
insalubridade;1
organizados;2
prateleiras;1
integras;1
genero;1
separados;1
pilhas;1
afastados;1
paredes;2
ram;1
fixados;1
murais;1
anotacoes;1
diarias;3
saida;4
seguem;1
adaptando;1
caso;4
atraso;2
falta;3
u;11
preparados;1
cozinhas;2
equipamentos;16
apropriados;1
higienizacao;1
utensilios;1
ordenados;1
armarios;1
su;2
ficiente;1
demanda;3
respectivas;1
usam;1
equipamento;5
higiene;1
toucas;1
aventais;1
houvesse;1
reclamacoes;3
tamanho;1
destes;4
tanto;2
janelas;1
tela;10
impedir;2
entrada;5
nenhuma;4
exemplificando;1
janela;2
outubro;4
fef;1
servimos;1
presente;3
encaminhar;1
anexo;6
vossa;1
senhoria;1
praga;1
rede;2
contra;5
roedores;1
aves;1
infestacao;1
contaminacao;2
informamos;3
apresentando;1
solicita;2
autorizacao;2
pagar;3
importancia;2
empresa;9
j;1
nunes;1
nascimento;1
me;4
servicos;10
dedetizacao;1
empenho;4
naquele;1
efetivamente;5
mera;1
expectativa;1
comunicou;1
providenciando;2
instalacao;1
comprobatoria;3
cuja;3
primaria;3
pertence;3
executor;4
recurso;3
fede;1
rais;1
teste;2
aceitabilidade;5
examinado;3
fito;2
testes;7
t;7
conformidade;3
operacionais;3
disponibilizacao;2
onstatou;1
nenhum;6
declaracao;1
escrita;1
tenha;2
justificado;1
var;1
iacoes;1
devem;4
aceitacao;3
frequentemente;2
nexos;1
realmente;5
renovado;1
licitados;1
tao;1
pouco;4
questionamento;2
reclamacao;1
preparacoes;1
servidas;4
contro;3
le;3
alterados;1
refeicoes;3
novamente;2
independentemente;2
variacoes;1
cardapio;3
apreciacao;5
realizaram;1
atual;3
ambas;2
nutricio;1
nista;1
ativo;2
assuntos;2
relativos;2
atribuicoes;7
confirmou;1
participacao;4
ativa;3
atas;4
encontraram;1
indicacoes;1
tenham;2
discussao;1
deliberacao;1
buscou;1
efetuar;1
deverao;1
SS;1
artigo;4
dispoe;2
justificativa;1
apresentada;4
mitigar;1
falha;2
apontada;2
enviar;1
acumulo;3
cargos;4
atuam;1
acional;1
scolar;1
indevido;2
realiz;5
regime;2
temporario;1
reg;1
ional;1
faz;3
cumprida;2
lem;1
vinculo;1
contratado;2
esporte;1
see;1
acre;2
vinculos;3
empregaticios;3
clinica;1
particular;1
desta;5
incorre;1
publicos;6
tre;2
inciso;7
xvi;1
especificar;1
horario;1
atendimento;1
consul;1
torio;2
propriedade;1
partir;4
afirma;2
aditivos;1
renovaram;1
desconformidade;1
normativos;8
vez;4
recomend;1
cumpra;1
poss;1
ui;1
vedado;1
pauta;7
compras;16
compunham;1
mesmas;4
elaboradas;2
relativa;1
pautas;3
guardam;3
er;1
am;1
coordenadora;2
social;4
periodicamente;2
enviava;1
oficios;6
solicitando;2
anexa;1
sta;1
vi;1
preve;4
distribuicao;10
unidad;1
realiza;4
antes;1
realizar;13
soma;1
inexistencia;2
cronograma;7
si;1
solicitar;1
necessarias;2
diagnostico;2
nu;1
tricionista;1
licitatorio;4
aqui;4
sicao;2
proposito;2
averiguar;1
procedimentos;3
vigente;2
analisaram;1
envolvidos;8
contratos;3
verificando;1
pna;2
gastos;1
conformes;1
movimentacoes;2
obedecem;1
especificos;2
ormalizacao;1
pecas;1
vedados;1
equivalencia;1
compatibilidade;7
adquirido;2
en;3
extratos;13
bancarios;13
contabeis;1
razao;5
analitico;5
atipicas;1
corretamente;3
apl;1
icados;1
investimentos;1
renda;1
fixa;2
fizeram;2
comprovando;1
finalidade;2
despesa;8
empenhos;2
emitidos;3
apresent;1
continham;1
carimbo;1
assinatura;1
atesto;1
formalizacao;2
licitacao;7
optando;1
aderir;1
decorrente;2
pregao;4
presencial;4
xapuri;2
prega;1
identificadas;3
ampla;2
pesquisa;10
previa;1
adesao;1
rt;1
instrucao;2
normativa;2
planejamento;4
orcamento;2
procedimento;2
administrativo;2
abe;2
tcu;1
entendim;1
ento;1
consolidado;1
recomendando;1
junte;1
autos;1
junto;7
empresas;5
distintas;1
ramo;1
licitado;2
acordao;1
plenario;1
pese;3
al;1
verifi;1
sobrepreco;7
firmados;1
vencedora;2
sales;1
cnpj;2
haja;2
clausula;2
prevendo;1
penalidades;1
descumprimento;2
clausulas;1
mencionem;1
expressamente;1
prazos;3
local;7
fi;2
completa;2
existenc;1
ia;1
certidoes;1
negativas;1
validas;1
receita;3
fgts;1
debitos;1
trabalhistas;8
encontrou;1
certidao;1
negativa;1
debito;1
inss;1
pesquisas;3
departamento;7
determinado;1
feita;2
solicitacao;6
fornecedor;4
nformou;1
fornecidas;2
copias;1
entr;1
ega;1
constariam;1
resto;1
adequado;4
cons;3
ignar;1
obrigacoes;1
baseadas;1
realizad;1
cotejamento;1
exista;1
umero;1
absoluta;1
maioria;2
estivesse;1
paco;1
tes;1
cafe;3
po;3
figurou;1
ofertado;2
digitacao;3
erro;3
entregou;1
requisicao;1
verificados;1
menciona;1
irregular;4
fora;5
compensada;1
natural;1
teria;1
restituir;1
toda;3
hou;1
apresentacao;1
documento;10
confirmasse;1
transa;1
cao;5
destinados;4
respectivo;1
destina;1
va;1
suprimento;1
loco;2
existe;2
consonancia;1
ocorrem;1
envio;1
median;1
te;1
requisita;1
mensais;2
periodicidade;1
verifica;6
distr;1
ibu;1
icao;1
estamos;3
construindo;1
juntamente;1
reconheceu;3
impropriedade;2
efetiva;5
construcao;1
humanos;1
merendas;5
escolares;2
financiadas;1
suficientes;1
qualificados;1
mer;1
endeiras;1
pessoal;4
pessoas;3
envolvidas;1
capacitacoes;6
anos;1
iv;1
cursos;5
feitos;2
mensalmente;1
dando;1
manifestacaounidad;1
eexaminada;1
reconhece;6
informa;1
capacitar;5
dado;1
previsto;2
selecionada;1
refeitorios;1
adequadas;1
colas;1
astro;1
casin;1
proprias;1
bancadas;1
improvisadas;1
corredor;1
cola;1
espacos;1
instituicao;1
espaco;1
destinado;2
serventia;1
servir;1
adequacao;1
deficiente;2
elho;2
acompanhamento;5
atuado;1
ativamente;1
formais;1
plano;6
comprobatorios;1
servidor;2
ordinarias;1
extraordinarias;1
referentes;6
ficaram;1
comprovadas;1
reun;1
ioes;1
prestacao;6
emissao;4
parecer;6
trabalho;5
discutir;1
tra;1
balho;1
encontros;1
mencionar;1
propriamente;1
listas;1
presenca;1
assunto;2
reuniao;4
cabecalho;1
detalhasse;1
discutidos;1
deliberacoes;1
tomadas;1
excecao;1
conclusivo;2
pode;2
ler;1
realizamos;1
poucas;2
visitas;2
observar;1
perto;1
alimentac;1
adiante;1
enfim;1
organizacao;3
carencias;1
estruturais;1
limito;1
praticamente;1
unanimes;1
reconhecer;1
baixa;3
onselho;2
president;1
atuar;3
licitacoes;3
fisico;2
rograma;2
metas;2
objetivos;1
diante;8
uti;1
lizado;1
pautar;1
ons;1
exposto;7
conclui;5
gfe;5
deveras;1
timid;1
limitacoes;1
certo;1
modo;3
podem;4
minimizadoras;1
culpabilidades;1
claro;2
poucos;1
desenvolvidas;2
conduzem;1
ele;1
uou;1
atuou;2
mal;1
podemos;1
repente;1
afirmarmos;1
aconteceu;1
devido;2
cuidado;1
refere;2
conselh;1
regulares;1
escala;1
agenda;2
visitacoes;3
obs;1
nessa;1
proposta;1
visitacao;3
repassado;1
instrumentos;2
subsidio;1
atividade;1
renovacao;2
momentos;4
instrucionais;2
principalmente;1
encaminhamentos;1
definidas;2
esteve;2
atuando;1
arios;1
fez;2
ressaltando;2
recebendo;1
orientacao;2
ela;1
boraram;1
confeccionaram;1
cracha;1
deliberaram;1
encaminhados;2
arquivados;1
arquivo;2
exi;1
ste;1
uso;4
material;2
ali;1
guardados;1
eis;3
visitac;1
oes;1
rotina;1
seminarios;1
foruns;2
troca;2
experiencia;4
doc;1
diversos;2
econhecemos;1
lacunas;1
gritantes;1
tange;3
precisa;1
urgentemente;1
rever;1
estudar;1
primordialmente;1
aquelas;1
voltadas;2
periodica;1
atendidas;1
expoe;1
fatores;1
contribuiram;1
indica;1
desempenhadas;5
registradas;1
realidade;2
vivenciada;1
abrangentes;1
estando;2
aquem;1
minimas;2
cumpriment;1
subsidiar;1
apreci;1
boa;2
precipuas;1
inquiriu;1
unica;3
novembro;10
dezembro;6
capital;1
rio;3
branco;2
tema;2
comprova;1
documental;1
participaram;4
prestadas;1
reportam;1
perspectiva;1
tornar;1
capaz;1
habilitar;1
diria;1
tiveram;1
alguma;1
hoje;1
atuarem;1
eficiencia;1
bastando;1
lhes;1
envolvimento;1
afora;1
questoes;2
julgo;1
oportuno;1
desconhecemos;1
dirigirmos;1
quem;1
responsabilidade;2
desse;1
parcial;2
desconhe;1
cimento;1
bastante;1
contato;1
leis;2
portarias;1
resolucoes;1
verdade;1
talvez;1
oficinas;1
oficina;1
acesso;6
experiencias;1
funcionamento;1
legal;1
ranco;1
mini;1
forum;1
esses;2
eventos;3
quase;1
rep;1
assados;1
materiais;2
formativos;1
participantes;1
propostas;3
deles;1
orientacoes;2
instrucoes;1
repasse;2
cartilhas;1
diversas;2
manuais;1
mode;1
lo;2
sugestao;1
inclusive;4
modelo;3
proposto;1
anual;1
informes;1
sites;2
download;1
vale;4
lembrar;2
entidade;1
executora;1
paragrafo;2
conclusao;3
eferentes;1
houvessem;1
irregularidades;3
releva;1
ntes;1
contratacoes;3
co;3
ntrole;1
riscos;1
dano;4
constavam;1
exigido;2
baixo;3
recomendado;1
elaborou;1
cardap;1
ios;1
val;1
ores;2
ae;2
acumula;1
indevidamente;1
promoveu;1
ara;1
diretamente;2
confeccao;2
adequados;1
inco;1
agravado;1
deveriam;3
promovidos;1
descentralizados;5
castros;1
eficaz;3
economica;3
cumpre;1
principi;1
legalidade;4
importante;6
ue;4
julho;11
custear;3
responder;1
auditoria;2
squito;1
egypti;1
isto;3
diario;1
bordo;1
veiculos;6
resposta;3
buscaram;1
oferecidas;1
conservacao;4
comuni;1
ca;1
mobilizacao;3
publicidade;4
erificar;1
ervacao;1
economicidade;2
eficacia;3
riodo;3
semssa;17
gab;16
secretario;4
cadastramento;1
imoveis;1
utilizou;1
quimico;1
biologico;1
educativos;1
direcionados;1
comunidade;1
imagens;3
cedidas;3
fevereiro;3
publicitario;1
conscientizacao;1
moradores;1
cadastrados;1
scnes;1
existia;1
aces;4
coordenacoes;1
temporariamente;2
auxiliar;1
desemp;1
nhadas;1
disponiveis;3
utilizacao;14
gerencia;2
ambiental;2
caminhonetes;1
oito;1
motos;1
apos;6
examinar;5
garage;1
identificados;1
desvios;1
ultra;2
volume;2
ubv;2
individual;3
eles;2
endem;1
demandas;1
armazenados;2
deposito;9
ponto;3
verificado;2
relaciona;1
comunicacao;3
contratadas;1
sentido;9
veiculacao;1
panfletos;1
banners;1
camisetas;1
bones;1
aegipty;1
verificacao;4
inconformidades;3
comprometessem;1
divulga;2
registrados;1
doencas;2
enviadas;1
boletins;1
epidemiologicos;1
gerenciamento;1
estoq;2
conferencia;1
existentes;2
evidenciou;2
perda;2
utro;1
regularidade;2
munic;3
ipio;3
exame;3
desti;1
nada;1
corrente;5
agencia;4
banco;25
brasil;26
aram;4
disponibilizados;13
parcela;2
fns;6
espec;1
ifica;1
ransferencia;3
consideradas;1
irregulares;2
historico;3
online;9
ag;21
x;30
cpf;4
vacinadores;2
campanha;2
vacinacao;5
antirrabica;1
antirrab;1
ica;1
suma;2
devolvendo;1
quantia;1
transfe;1
rencia;1
devolucao;12
receber;4
solicitadas;2
justificativas;1
demonstra;7
rendimentos;6
totalizando;2
simples;2
originaria;2
descaracteriza;3
tinha;3
poderiam;2
diversa;2
especificada;2
blo;1
operacoes;2
credito;2
suprir;2
cofres;2
complementar;3
considera;2
esse;5
ti;1
pretendido;1
ajuda;3
custo;4
deslocaram;2
comunidades;2
afastadas;2
sede;3
campanhas;3
poliomielite;2
raiva;2
ransferidos;1
int;1
egralmente;1
colaborador;4
refeitura;1
missao;2
manipular;1
identificar;1
necessaria;2
destinatarios;2
finais;1
efetuados;2
consequentemente;1
fossem;3
bancarias;2
contrariando;3
determin;2
ndeg;10
nidade;7
respeito;10
observado;3
preliminar;2
smos;1
devolvidos;3
entanto;4
entende;3
havido;1
dolo;1
entendemos;2
administrativa;1
conhecida;1
fomos;1
notificados;1
visto;1
todo;2
movimentado;1
devolvido;3
notificacao;1
recebida;1
impulsionadora;1
prova;1
restituido;1
parametro;1
utilizado;4
tipo;1
cometido;1
daquele;1
pessoa;1
clareza;1
copia;1
demonstrativo;1
evidencia;1
referidas;1
ajudas;1
mani;1
festacaounidadeexaminada;1
unicipal;4
argumenta;6
dev;1
olucao;1
importa;1
considerou;1
permaneceram;1
inobservancia;2
promocao;1
recuperacao;1
abordado;1
epresenta;1
dificuldade;1
comprovar;6
escentralizar;1
terceiro;1
concretizar;1
intempestividade;2
tempestividade;1
agente;2
utilizada;2
portaria;9
gm;2
ms;2
recurs;2
financiamento;2
constituidos;1
componentes;6
componente;3
sau;1
sanitaria;3
piso;7
fixo;3
pfvs;2
variavel;2
pvvs;2
assistencia;1
inst;1
ituido;1
recentemente;1
destinam;1
incluindo;3
dengue;2
chikungunya;1
virus;1
zika;1
repassa;1
implementacao;1
contingenciais;1
prevencao;1
epidemias;1
emergencia;2
estrategicos;3
especif;1
icos;1
financ;1
iamento;1
observados;1
saldo;11
significativo;1
configurando;1
disponivel;1
atualmente;1
enos;1
corresponde;2
disponi;2
veis;2
final;6
percentual;3
dispon;1
anteriores;1
objetos;1
pactuados;1
par;1
aquele;1
federativo;1
estara;1
sujeito;2
acrescidos;1
correcao;1
monetaria;1
prevista;1
regular;1
mencionado;2
previstas;3
alcancaram;1
dias;2
epis;1
salutar;1
ressaltar;1
entrar;1
invernoso;1
tera;1
investidos;1
tempestivamente;2
utilizara;1
remanescente;1
deixou;3
empregado;1
empregar;1
federai;1
san;1
eadoras;1
combates;1
borrifacao;2
treinados;1
encontra;2
envolvido;1
epidemiologica;2
comprovada;1
ntinuada;1
oferecidos;1
dados;1
requeridos;1
haver;2
concluido;1
aproveitamento;1
curso;2
introdutorio;2
curricular;1
estabelecida;1
dispoes;1
emergencial;1
desde;2
meses;2
funcao;5
exercido;1
orientados;2
or;1
capacitados;2
ocorrida;2
preenche;1
caracteri;1
zar;1
ocasionando;1
cr;1
iterios;1
novos;1
contr;1
atados;1
disporem;1
ua;1
continuada;1
manifestar;1
atualizacao;1
sies;5
adequadamente;1
utilizando;3
inseticidas;4
vetorial;1
utiliza;2
movimenta;1
mediante;1
formulario;2
mu;1
nicipio;1
definindo;1
especificacao;7
ligado;2
existente;2
mensal;1
indicando;1
caracteriza;1
acompanhar;1
medio;1
biolarvicidas;1
especificadas;1
conferem;1
pretende;1
iniciar;1
marcado;1
ministrado;1
rotinas;1
dvs;1
dvsace;1
comprometimento;1
inadequacao;1
epi;1
leve;1
depa;2
rtamento;2
compete;1
interesse;1
transport;1
xiv;1
inadequado;1
apresen;1
tar;1
rmite;1
agua;1
chuvas;1
incendio;3
exigencia;1
direito;1
altura;1
otimizar;1
ventilacao;1
associacao;1
bras;1
ileira;1
abnt;2
nbr;1
inadequada;1
fazer;1
laudo;1
emitido;1
corpo;1
bombeiros;1
apresentava;1
alarme;1
raios;1
embalagens;1
armazenadas;1
proximo;1
distancia;1
recomendada;1
centimetros;1
continha;1
ltametrina;1
sc;2
inseticida;4
piryproxyfen;1
icon;1
ce;1
equipes;1
endemia;1
deltametrina;2
expirou;1
tecnica;2
transmissiveis;1
aude;2
estende;1
prazo;3
lote;3
ev;1
referida;1
detalha;3
lista;1
beneficiados;2
pra;1
zo;1
prolongamento;1
seria;2
embasamento;1
resultad;1
nosso;4
informo;1
adequacoes;1
obras;1
iniciativa;1
deixa;1
breve;1
vencido;1
estadual;1
enviado;1
temos;1
dispersao;1
memorando;1
ficara;1
retido;1
sera;1
solicitado;2
novo;2
dar;1
adotadas;1
contornar;1
evidencias;1
demonstre;1
remocao;1
proce;1
ssos;1
const;1
atou;1
fo;2
agent;1
valiadas;1
configurem;1
contratuais;1
ontratados;1
concessao;1
custeio;5
governamentais;5
pudessem;1
restringir;2
competitividade;5
atividad;1
proporcionando;1
pagam;1
entos;1
daqueles;2
fisc;1
alizar;1
ontrato;1
lizou;1
reestruturar;1
nivel;1
edital;1
definiu;2
regras;1
deu;2
modalidade;2
convit;1
dital;1
touch;1
sens;1
ivel;1
toque;1
android;2
ice;1
cream;1
sandwich;1
superior;1
polegadas;7
pixels;5
wi;1
vencida;1
mercantil;1
wenden;1
atestada;1
unidades;3
tregue;1
tablet;7
marca;1
multilaser;1
processador;3
quad;1
core;1
operacional;1
versao;1
aparelho;1
especificacoes;1
carta;6
convite;6
impediria;1
contida;1
exigia;1
enquanto;1
equ;1
ipamento;1
internet;5
calculo;1
estimado;3
incluidos;1
site;3
americanas;2
casas;1
bahia;1
magazine;1
luiza;1
www;3
br;3
casasbahia;1
magazineluiza;1
concorreu;1
irtude;1
autorizar;1
confronto;1
unitarios;1
referenciais;1
validos;1
calculado;1
gerado;1
forne;1
cido;1
reforcar;1
alcancara;1
fornecido;1
exigencias;1
requeridas;1
podendo;1
prejudicar;1
comparacao;3
especi;1
ficacoes;1
nativo;1
g;4
compativel;2
modem;1
especificou;5
clock;2
ghz;1
gb;4
cartoes;1
expansivel;1
camera;2
traseira;2
megapixels;1
mp;2
capacidade;1
bateria;2
ma;2
acrescenta;1
escolhida;1
tecnologia;2
considerados;1
comuns;1
considerado;1
descricao;1
aumento;1
potencial;1
economia;1
pesquisados;1
essas;1
maiores;1
varejo;2
portando;1
valida;2
cotacao;3
amazon;1
imp;1
expo;1
ltda;1
rs;1
adnora;1
costa;1
cgu;1
encaminhou;1
contemplada;1
realizando;1
sejam;1
reali;1
zada;1
substituicao;3
tomar;1
admin;1
istrativas;1
judiciais;1
cabiveis;1
grandes;1
lojas;1
publicada;1
midia;1
especializada;1
sitios;2
eletronicos;1
especializados;1
dominio;1
amplo;1
mecanismo;2
estimativa;1
definicao;1
logistica;1
slti;1
permite;1
contenham;1
hora;1
frisar;3
possiveis;1
encargos;7
praticado;2
edia;1
fragilidade;1
dever;1
consulta;1
especializ;1
adas;1
evitar;1
desvantajosa;1
dministracao;1
embasa;1
considero;1
passo;1
fosse;1
considerada;1
alor;1
poderia;1
menor;1
volvidos;1
fornecedora;1
compativeis;1
deveria;1
onvite;1
descrito;1
possibilidade;1
forneced;1
ora;1
dificultar;1
decorrido;1
depreciacao;1
sofrida;1
placa;1
metalica;1
patrimonial;1
colada;1
valiar;2
especialmente;1
saud;1
extrato;1
recolhimento;5
garantia;1
previdencia;2
gfip;2
comprovantes;5
questionada;1
ab;1
recolhi;1
mento;1
coincidirem;1
impossivel;2
atestar;1
recolhidos;1
remuneracao;1
estejam;1
especificamente;1
disciplina;1
ii;1
simplesmente;1
lotado;1
individualizam;1
limitando;1
folha;3
rovacao;1
detalhar;1
referem;1
ixou;1
apresentar;1
parcelamento;1
pendencias;1
municipalidade;2
atrase;1
previdenciarios;2
atuais;1
mesma;1
fica;1
autorizada;1
reter;1
subs;1
equente;1
quota;1
fpm;4
sabido;1
gefip;4
recolhida;1
gerando;1
consideravelmente;1
alto;1
motivos;1
reducao;1
receitas;2
provocada;1
crise;1
assol;1
ando;1
diferente;1
ocasionou;1
utilizasse;1
passou;1
resgatar;1
correspondente;1
contribuicao;1
previdenciaria;1
fol;1
pab;5
esclarecer;1
recolhimentos;1
ncao;1
encaminhando;1
nome;1
darf;1
contendo;1
retencao;1
cota;1
correspondentes;1
beneficios;1
retidos;2
recompor;1
caixa;1
repasses;1
retencoes;1
direitos;1
servid;1
bancaria;2
executada;1
insuficientes;1
paga;1
men;1
to;1
ocumento;1
rrecadacao;1
individualizada;1
demonstrou;1
cumprido;1
liquidacao;1
quitacao;1
ligados;1
municipi;1
arrecadacao;1
darfs;1
capazes;1
fornecer;1
seguranca;1
empregados;1
determina;1
devolucoes;1
consideraram;1
auferidos;1
restringe;1
rvicos;1
improprias;1
trazidas;1
compro;1
metendo;1
cometer;2
equivoco;2
compromete;1
incorrer;1
compromisso;1
nova;1
descar;1
acteriza;1
ilegalidade;1
enfase;1
venham;1
fin;1
anceiros;1
identificou;1
restricao;2
direcionamento;1
prestados;1
om;1
saques;1
bancario;1
geridos;1
esti;1
mado;1
ta;1
desaco;1
rdo;1
lado;1
eviden;1
ciaram;1
rocessos;1
