adjective;polarity
presidencia;
da;
republica;
controladoria;
geral;
uniao;
secretaria;
federal;
de;
interno;
a;
etapa;
do;
programa;
fiscalizacao;
partir;
sorteios;
publicosrelatorio;
no;
sumario;
executivo;
presidente;
kennedy;
es;
introducaotrata;
o;
relatorio;
dos;
resultados;
exames;
sobre;
acoes;
governo;
integrantes;
programas;
fiscalizados;
municipio;
em;
decorrencia;
publicos;
teve;
como;
analisar;
aplicacao;
recursos;
federais;
sob;
orgaos;
e;
entidades;
estaduais;
municipais;
ou;
legalmente;
relativas;
ao;
periodo;
fiscalizado;
indicado;
individualmente;
tendo;
sido;
os;
trabalhos;
campo;
informacoes;
indicadores;
socioeconomicos;
sorteado;
fonte;
sitio;
ibge;
socioeconomicas;
populacao;
indice;
pib;
per;
capita;
r;
eleitores;
area;
km;
foram;
estrita;
observancia;
as;
normas;
aplicaveis;
servico;
publico;
utilizadas;
dentre;
outras;
tecnicas;
inspecoes;
fisicas;
registros;
fotograficos;
analises;
documentais;
realizacao;
entrevistas;
questionarios;
cabe;
que;
situacoes;
evidenciadas;
nos;
segmentadas;
acordo;
com;
competencia;
monitoramento;
ser;
pela;
dessa;
forma;
capitulo;
um;
destinado;
especialmente;
aos;
administracao;
publica;
gestores;
execucao;
descentralizada;
contempla;
principio;
constatacoes;
apresentam;
subsidiarao;
adocao;
medidas;
preventivas;
corretivas;
por;
parte;
desses;
visando;
melhoria;
ressarcimento;
indevidamente;
se;
for;
caso;
instauracao;
tomada;
contas;
quais;
serao;
monitoradas;
dois;
detectadas;
durante;
levantamentos;
para;
avaliacao;
cuja;
primaria;
pertence;
gestor;
municipal;
compoem;
conhecimento;
ministerios;
repassadores;
embora;
nao;
exijam;
providencias;
isoladas;
dessas;
pastas;
ministeriais;
portanto;
esta;
realizara;
isolado;
das;
saneadoras;
relacionadas;
relatadas;
nesse;
ressalta;
entanto;
necessidade;
defesa;
estado;
ambito;
suas;
respectivas;
competencias;
quadro;
seguir;
demonstra;
verificados;
quantidade;
fiscalizadas;
ministerioprograma;
qt;
montantefiscalizado;
programacontroladoria;
gestao;
rec;
pelos;
municipios;
social;
aplica;
totalizacao;
ministerio;
educacaoeducacao;
basica;
educacao;
saudeaperfeicoamento;
sistema;
unico;
saude;
sus;
financeira;
atencao;
desenv;
combate;
bolsa;
familia;
fortalecimento;
assistencia;
executores;
previamente;
informados;
fatos;
relatados;
manifestado;
cabendo;
supervisor;
casos;
adotar;
consecucao;
politicas;
publicas;
bem;
apuracao;
responsabilidades;
analise;
constatadas;
diversas;
examinados;
sendo;
demonstradas;
na;
segunda;
deste;
estas;
destacam;
maior;
relevancia;
quanto;
impactos;
efetividade;
esfera;
local;
vale;
ressaltar;
apesar;
desta;
estar;
segmentada;
ministerial;
deve;
vista;
aqueles;
aspectos;
razao;
sua;
transversalidade;
caracterizam;
mais;
fortemente;
deficiencias;
pois;
corrigidos;
tendem;
proporcionar;
melhorias;
objeto;
acao;
podemos;
destacar;
seguintes;
itens;
encontram;
registradas;
responsavel;
breve;
comentario;
notam;
fragilidades;
alimentacao;
escolar;
podem;
redundar;
risco;
alunos;
contaminacao;
deterioracao;
alimentos;
desperdicios;
ausencia;
estoques;
armazenamento;
atuacao;
conselho;
transporte;
acompanhamento;
servicos;
contratados;
riscos;
seguranca;
assim;
fundeb;
plano;
nacional;
didatico;
pnld;
identificadas;
gerenciamento;
nas;
especificacoes;
editais;
aquisicao;
produtos;
farmaceuticos;
valores;
indevidos;
cobrados;
copias;
identificacao;
retirada;
prazos;
pagamentos;
restricao;
indevida;
apresentacao;
impugnacoes;
exigencias;
indevidas;
amostras;
parecer;
juridico;
etc;
farmacia;
distribuicao;
medicamentos;
condicoes;
armazenagem;
psf;
atendimentos;
pelas;
equipes;
documentos;
referentes;
producao;
siab;
acima;
referenciadas;
demonstram;
atendimento;
demandas;
desenvolvimento;
percebe;
verificacao;
condicionalidades;
beneficiarios;
alia;
esse;
fato;
tambem;
enseja;
ocorrencia;
impropriedades;
deficitario;
finalmente;
nota;
investimento;
cras;
repassados;
tal;
finalidade;
meio;
financiados;
examinadas;
abaixo;
detalhamento;
introducaoneste;
estao;
apresentadas;
constatacao;
oferta;
verificou;
inicialmente;
todas;
escolas;
amostra;
participantes;
pnae;
merenda;
posteriormente;
entrevista;
confirmamos;
ha;
neste;
exercicio;
processo;
ano;
ainda;
andamento;
comunidade;
professores;
merendeiras;
diretores;
pais;
confirmou;
desde;
inicio;
letivo;
ate;
momento;
cgu;
informou;
dentro;
possivel;
cada;
aluno;
levando;
casa;
quantitativo;
ensino;
fundamental;
manifestacao;
unidade;
examinada;
oficio;
pmpk;
gab;
of;
houve;
pronunciamento;
prefeitura;
termos;
ja;
possuem;
cardapio;
percapta;
elaborado;
nutricionista;
atraves;
compra;
emergencial;
lembrando;
correndo;
licitatorio;
duracao;
meses;
fiscalizada;
cumprir;
orientacoes;
executar;
pelo;
fnde;
generos;
alimenticios;
conformidade;
legislacao;
contabil;
licitatoria;
garantir;
qualidade;
fornecida;
fornecer;
contrapartida;
complementando;
recebidos;
disponibilizar;
cadastro;
conselheiros;
nutricao;
solicitadas;
operacionais;
ordem;
exame;
instrumento;
transferencia;
agente;
executor;
pref;
gabinete;
prefeito;
montante;
financeiros;
ente;
estadual;
redes;
constituicao;
conselhos;
elide;
apontada;
informa;
emergenciais;
tomadas;
regularizacao;
rede;
desmotiva;
participacao;
ambiente;
impacto;
mesmos;
fevereiro;
marco;
referente;
totalizam;
trinta;
quatro;
mil;
oitocentos;
oitenta;
dias;
letivos;
referidos;
considerando;
uma;
media;
mes;
ficaram;
sem;
representam;
exatamente;
este;
foi;
utilizado;
primeiros;
piso;
variavel;
promocao;
farmaceutica;
insumos;
estrategicos;
aperfeicoamento;
ad;
realizar;
sistematico;
utilizando;
fiscalizacoes;
feitas;
intermedio;
enfatizando;
esf;
banco;
estabelecimentos;
cnes;
identificar;
multiplicidade;
vinculos;
base;
siape;
dw;
relacao;
anual;
sociais;
rais;
fundo;
concessao;
deficiencia;
questionario;
registra;
opiniao;
usuario;
entrevistadas;
seis;
familias;
tres;
lucia;
agentes;
comunitarios;
fazem;
agendamento;
previo;
consultas;
informaram;
nunca;
convidadas;
participar;
reunioes;
encontros;
palestras;
sede;
recebe;
visitas;
periodicidade;
duas;
maroba;
anos;
visita;
resposta;
preliminar;
negou;
relatado;
apresentou;
segue;
texto;
editado;
apenas;
mencao;
nome;
pessoa;
fisica;
fim;
preserva;
la;
informamos;
refere;
equipe;
realmente;
existe;
prestacao;
comunitario;
senhora;
omissis;
qual;
tem;
recebido;
inumeras;
reclamacoes;
desidia;
atividades;
instaurado;
administrativo;
substituicao;
referida;
servidora;
consta;
documentacao;
anexa;
atual;
atender;
demanda;
motivo;
deflagrado;
simplificado;
ndeg;
suprir;
definida;
sic;
numero;
micro;
vez;
contratada;
anseios;
portaria;
dgrh;
flanalise;
concordou;
admitiu;
b;
c;
unidades;
basicas;
adequadamente;
materiais;
equipamentos;
disponibilizados;
selecionados;
inseridos;
corretamente;
prestado;
carga;
horaria;
semanal;
cumprida;
inexistencia;
mantida;
disponibilizacao;
verificar;
lancamento;
relatorios;
extraidos;
informatizado;
ficha;
d;
havia;
impressora;
imprimir;
arquivo;
era;
extrair;
copia;
digital;
fornecidos;
formularios;
papel;
mas;
digitados;
impossibilitando;
confirmar;
digitacao;
importante;
informar;
arquivos;
digitais;
outro;
permite;
gerenciar;
obter;
moradia;
saneamento;
situacao;
composicao;
funcionaria;
informacao;
disponibilizado;
datasus;
vem;
evoluindo;
tecnologia;
fla;
opera;
explicacoes;
fio;
programacao;
ms;
oferece;
opcao;
impressoras;
porta;
ubs;
ficando;
incompativel;
impressao;
solicitado;
in;
loco;
mesmo;
pma;
complementar;
ssa;
sao;
producoes;
esses;
somente;
consulta;
outra;
dificuldade;
cinco;
estrategia;
impossivel;
alimentar;
deixando;
ato;
solicitacao;
porem;
resistencia;
entrega;
requisitados;
tiveram;
manual;
alem;
consolidado;
cadastramento;
familiar;
tinha;
entregue;
observa;
extra;
possui;
importantes;
pessoas;
faixa;
etaria;
doencas;
referidas;
tipo;
abastecimento;
agua;
outros;
utilizada;
acs;
identifica;
caracteristicas;
familiares;
transparencia;
formulario;
assinatura;
responsaveis;
preenchimento;
confirma;
prestadas;
acesso;
municipalidade;
estoque;
toda;
concentrada;
onde;
salas;
destinadas;
propriamente;
dita;
ocorre;
dispensacao;
almoxarifado;
central;
constatou;
instrumentos;
servidores;
recebeu;
treinamento;
operacao;
horus;
aplicativo;
depende;
fazer;
curso;
consiga;
senha;
logo;
art;
dispoe;
seguinte;
componente;
basico;
ae;
mediante;
estados;
destinados;
custeio;
rename;
vigente;
insulinas;
contraceptivos;
promovendo;
componentes;
distrito;
couber;
organizacao;
farmaceuticas;
entre;
selecao;
incluindo;
flavia;
nascimento;
silva;
existente;
setor;
regularizar;
questao;
aderiu;
flcomo;
complementacao;
tecnica;
fi;
posto;
enviado;
anteriormente;
protocolo;
oe;
alternativa;
solucionar;
iniciou;
setembro;
adesao;
termo;
firmado;
funcionarios;
concluiu;
terceira;
fase;
implantacao;
outubro;
dar;
continuidade;
etapas;
concluir;
necessario;
antes;
haja;
reestruturacao;
todo;
ampliacao;
novos;
computadores;
balcoes;
internet;
velocidade;
minima;
exigida;
contratacao;
pessoal;
auditoria;
tratou;
fl;
tentando;
entendimento;
antimicrobianos;
existem;
livros;
feita;
escrituracao;
movimentacao;
especificando;
data;
historico;
entrada;
saida;
perda;
saldo;
habituados;
daqueles;
especificados;
seja;
obrigatorio;
sujeitos;
exemplos;
seguem;
determinacao;
agencia;
vigilancia;
sanitaria;
constam;
medicamentonormaamoxilina;
clavulanato;
mgrdc;
amoxilina;
potassiordc;
mg;
rdc;
susp;
ml;
ampicilina;
azitromicina;
cefalexina;
suspensao;
ceftriaxona;
po;
p;
sol;
injetavelrdc;
ciprofloxacina;
claritromicina;
cloranfenicol;
colirio;
eritromicina;
gentamicina;
pomada;
oftalmica;
neomicina;
nitrofurantoina;
norfloxacino;
sulfadiazina;
prata;
resolucao;
min;
determina;
sejam;
feitos;
procedimento;
adotado;
modo;
feito;
registro;
sim;
retencao;
receituario;
seu;
respectivo;
arquivamento;
tudo;
anexo;
listados;
constata;
quando;
tanto;
clordiazepoxido;
amitriptillna;
l;
mbitrol;
sulpirida;
ambos;
pertencentes;
devidamente;
especifico;
respectivamente;
fieste;
item;
justifica;
baseado;
maio;
substancias;
classificadas;
prescricao;
associacao;
flfiart;
deg;
farmacias;
hospitalares;
quaisquer;
equivalentes;
medica;
privadas;
comercializam;
devem;
manter;
procedimentos;
existentes;
contenham;
antimicrobianas;
existencia;
apontados;
amparado;
propria;
norma;
instituiu;
obrigatoriedade;
anvisa;
teria;
permitido;
deixado;
receita;
instituicoes;
medicamentosdevem;
instituicao;
promove;
estaria;
cumprindo;
evidente;
autoriza;
manutencao;
possuiam;
algum;
determinar;
receitas;
tabulados;
juntamente;
notas;
fiscais;
possa;
conhecer;
posicao;
concluindo;
argumentacao;
apresentada;
merece;
acolhimento;
previstos;
ficam;
teste;
apresentados;
numerados;
nestes;
escriturada;
grande;
fora;
elenco;
eficacia;
considerados;
medicamentonormafarmacia;
basicaclonazepan;
port;
lista;
codeina;
paracetamol;
tylex;
fenobarbital;
medicamento;
comprimidos;
contagem;
diferenca;
clonazepan;
revela;
ponto;
especificos;
flem;
fide;
hoje;
citado;
atualmente;
movimentados;
vistorias;
nossos;
diz;
unicos;
ter;
minimo;
ocorrem;
devido;
calculo;
anotar;
quantidades;
receituarios;
relacionada;
clonzepam;
ocorreu;
clonazepam;
embalagens;
semelhantes;
laboratorio;
medley;
dosagens;
estarem;
armazenados;
juntos;
gerou;
contabilizacao;
percebida;
depois;
auditor;
fiscal;
retirado;
estabelecimento;
conclusao;
afirma;
justificamos;
passivel;
volume;
muito;
semanalmente;
comunicado;
enderecado;
apontadas;
indicados;
diante;
apontamento;
mantido;
recebimento;
prazo;
prestes;
pesquisa;
revelou;
varios;
lotes;
proxima;
vencimento;
exemplo;
remedios;
expira;
trata;
pode;
gerar;
perdas;
prejuizo;
financeiro;
usuarios;
hosp;
nf;
medicamentoquantidadevalordata;
validadevidautil;
acebrofilina;
xpe;
generico;
lt;
provisorio;
acido;
folico;
alopurinol;
anlodipino;
besilapin;
ciprofibrato;
ciprolip;
dexadoze;
ui;
inj;
dexclorfeniramina;
hystin;
diltiazem;
espironolactona;
fluconazol;
fluxilase;
hidrogel;
alginato;
gr;
metformina;
metildopa;
metilvita;
metoclopramida;
comp;
plabel;
metronidazol;
gel;
vaginal;
aplic;
nimodipina;
nimopax;
oxcarbamazepina;
oleptal;
bd;
caris;
diclo;
sod;
cafeina;
cedrilax;
diasmanifestacao;
proximo;
contem;
si;
excecoes;
apresentado;
firevida;
apresenta;
todos;
identificados;
codigos;
alfanumericos;
diferentemente;
mencionado;
emitir;
datas;
mencionadas;
consequentemente;
vida;
util;
revisao;
listada;
itemda;
g;
lote;
confere;
solicitada;
troca;
existir;
funcionario;
dava;
volumes;
conferencia;
requer;
muita;
fazia;
alguns;
gerava;
nesses;
sempre;
empresa;
notificada;
solucionado;
argumentou;
danfe;
documento;
auxiliar;
eletronica;
correspondente;
inseridas;
proprio;
fornecedor;
nova;
confirmadas;
trabalho;
pressupos;
afirmacoes;
vieram;
amparadas;
pudesse;
confrontada;
motivasse;
decisao;
favoravel;
diretamente;
condicao;
extrema;
lei;
protecao;
cadastrais;
atualizados;
estabelecida;
cumprimento;
areas;
complementares;
instancia;
atuante;
cruzamento;
folha;
pagamento;
pbf;
janeiro;
emprego;
mte;
beneficiarias;
indicios;
mensal;
salario;
limite;
parametro;
disposto;
mds;
relacionamos;
onze;
enquadram;
descrita;
servidor;
cod;
familiarniscadunico;
inss;
julho;
vinculodata;
ultimaatualizacaopercapitafamiliardata;
admissaotrabalhistainicio;
beneficiorenda;
capitafamiliarresultantedoscruzamentos;
presidentekennedyprefeitura;
gramic;
granitos;
marmoresltda;
prefeituras;
extremamente;
cadunico;
listas;
divulgada;
tecnicos;
designados;
atuantes;
efetuado;
sistemas;
informatizados;
orgao;
atendendo;
criterio;
intersetorialidade;
paridade;
sociedade;
camaramunicipaldepresidentekennedy;
intima;
slingerie;
confeccoesltda;
alessandradecarvalhotinoco;
me;
costa;
sul;
transportese;
turismo;
ltda;
vigservservicos;
segurancaltda;
presidentekennedyprefeituravale;
refletem;
encontrada;
garante;
cenario;
permaneca;
destaca;
apos;
averiguacao;
beneficios;
regras;
SSSS;
decreto;
combinado;
lado;
constatar;
inveridicas;
invalidara;
sera;
cancelamento;
constatada;
omissao;
inciso;
viii;
habitacao;
respondido;
questionamentos;
verifica;
nisaveriguacao;
domiciliar;
dia;
averiguar;
socioeconomica;
capta;
compativel;
criterios;
estabelecidos;
presenca;
grupo;
verificado;
comparecimento;
atualizacao;
beneficio;
encontra;
perfil;
inserida;
orientado;
procurar;
centro;
referencia;
atualizar;
providenciado;
cancelado;
senarc;
atualizado;
resumo;
eram;
duzentos;
vinte;
sete;
permanecia;
mudou;
cachoeiro;
itapemirim;
solicitou;
municlpio;
destino;
perfii;
cad;
orientada;
incompalivel;
cinquenta;
quatrocentos;
noventa;
oito;
providenciada;
permaneceu;
liberado;
realizou;
averiguacoes;
resultaram;
pareceres;
emitidos;
familiarconclusaosituacao;
localizada;
municipiobloqueado;
salientar;
observou;
ora;
continua;
pendente;
incompatibilidade;
fiper;
capitafl;
deverao;
cancelados;
possibilidade;
reversao;
cancelamentos;
venha;
reenquadrar;
posteriores;
estabelecido;
instrucao;
operacional;
mantemos;
evidencias;
incompativeis;
alvo;
apontamos;
primeiro;
nis;
residem;
imovel;
alvenaria;
porte;
medio;
inclusive;
equipado;
aparelho;
ar;
beneficiario;
estava;
residencia;
pavimentos;
acabamento;
ficou;
evidenciado;
bens;
patrimoniais;
contando;
carro;
garagem;
registrado;
pertencente;
domicilio;
nucleo;
socloeconomica;
famllia;
sentido;
frequencia;
projeto;
desacordo;
encontrados;
diarios;
classe;
impactando;
criancas;
selecionadas;
amostragem;
consistencia;
divergencias;
m;
ediantecotejamento;
novembro;
escola;
fiepg;
jaqueira;
bery;
barreto;
araujofl;
registrada;
indicacao;
integral;
enquanto;
inferior;
listamos;
obtiveram;
epg;
araujo;
exigido;
artigos;
interministerial;
mec;
definem;
atribuicoes;
dirigentes;
destacamos;
calendario;
encaminhamento;
promover;
respectivos;
privado;
planejando;
longo;
bimestre;
recepcao;
consolidacao;
transmissao;
meios;
diversificados;
realidades;
coleta;
exposto;
denotam;
inobservancia;
gestora;
reuniao;
atores;
envolvidos;
inconsistencias;
sanarem;
ocorridos;
fotocopia;
agendando;
reconhece;
adotadas;
correcao;
mesmas;
pensionistas;
integrando;
permanencia;
avaliar;
adequacao;
desse;
dezenove;
codigofamiliarnis;
cadunicorais;
resultante;
cruzamentos;
ultima;
atualizacaoqtd;
membrosper;
familiardata;
admissao;
trabalhista;
clt;
algumas;
tabela;
anterior;
pensionista;
epoca;
vinculo;
empregaticio;
iniciativa;
privada;
rendimento;
considerado;
codfamiliarnissituacao;
posterior;
continuada;
apresentando;
compalivel;
cento;
sessenta;
diverge;
verificada;
excluido;
falecimento;
beneficiaria;
utilizou;
sibec;
cidadao;
domiciliares;
conclusoes;
incompativelcancelado;
atende;
meta;
dimensao;
visa;
acompanhar;
individuos;
paif;
ofertado;
centros;
itinerantes;
embarcacoes;
volantes;
ofertar;
convivencia;
scfv;
necessidades;
especificas;
fnas;
normativos;
licitacao;
fornecimento;
subsidios;
funcionamento;
preenchidos;
atendido;
oferecendo;
tipificacao;
socioassistenciais;
integrada;
reolucoes;
cit;
especificamente;
territorio;
articulando;
atividade;
eminentemente;
consiste;
contatos;
aliancas;
fluxos;
encaminhamentos;
demais;
articulacao;
conveniadas;
estabelece;
pressupoe;
coordenador;
articule;
institucionalmente;
creas;
locais;
socioeducativos;
peti;
realiza;
relacionados;
atingido;
edital;
realizando;
atuarem;
junto;
ampliada;
contara;
psicologo;
assistentes;
monitores;
fortalecimentos;
desempenho;
efetivo;
fotocopias;
requerimentos;
estruturacao;
apontado;
adotando;
necessarias;
didaticos;
pedagogicos;
descentralizadas;
gestormunicipal;
contrato;
valor;
contratado;
origem;
pregao;
presencial;
identificamos;
tais;
mensais;
comprovando;
efetivamente;
descricao;
atendidas;
veiculos;
utilizados;
permitem;
quilometragem;
percorrida;
discriminacao;
deveriam;
diariamente;
residentes;
rural;
carater;
suplementar;
lhes;
entidade;
executora;
eex;
repasse;
pnate;
vistas;
censo;
viagens;
emitido;
periodicamente;
chefe;
disponibilidade;
acompanham;
trajeto;
serem;
implementacao;
comprovacao;
prestados;
possibilitando;
utilizam;
destes;
condutores;
habilitacao;
seus;
comprovantes;
aprovacao;
especializado;
regulamentacao;
contran;
transito;
solicitados;
contrata;
encaminhar;
comprovante;
cursos;
especializados;
regulamentada;
atua;
atas;
valorizacao;
ocorridas;
identificou;
acompanhou;
qualquer;
discussao;
regularidade;
eventuais;
sugestoes;
reformulado;
membros;
comprovados;
ata;
emissao;
conclusivo;
alusiva;
entretanto;
emitiu;
mesma;
enviada;
impedir;
constas;
itinerario;
escolaloterotasveiculoqtdkm;
adt;
onibus;
eef;
salvador;
eu;
leonel;
fe;
kombi;
cei;
quer;
menino;
jesus;
constatamos;
efetiva;
planilha;
preenche;
fatura;
tomando;
enviadas;
itinerarios;
atesto;
rurais;
seme;
entregues;
correios;
haviam;
distribuidos;
necessitando;
entrar;
contato;
sedu;
observar;
atenda;
entende;
necessaria;
rq;
escolha;
democratica;
devolucao;
reutilizaveis;
final;
remanejamento;
utilizacao;
interferencia;
editoras;
incentivo;
conservacao;
intuito;
entrevistou;
mecanismos;
regra;
remeter;
estes;
aquelas;
rotulos;
guias;
eventual;
guia;
demonstrar;
titulos;
substituido;
acompanhando;
secretarias;
prevista;
cd;
iii;
alinea;
monitorar;
obras;
chegada;
garantindo;
coletivo;
individual;
conjunto;
obtidas;
insuficiencia;
operacionalizacao;
restou;
demonstrada;
capacitacao;
cae;
fomos;
previsao;
garantia;
disponibilizadas;
capacitacoes;
parcerias;
proprios;
reformulacao;
atuando;
adquiridos;
chegam;
aproveitamento;
oecae;
passando;
finalizando;
potencializa;
ofertados;
impossibilidade;
proceder;
deparou;
instalacoes;
acondicionamento;
verificamos;
cobertura;
integra;
existindo;
aberturas;
significativas;
janelas;
terem;
telas;
estavam;
dispostas;
suficientes;
permitir;
pragas;
insetos;
existia;
portas;
armazem;
contra;
externa;
cheia;
mato;
entulhos;
entulhomatoventilacao;
telhado;
ventilacao;
dispostos;
prateleiras;
nem;
preventivo;
periodico;
internas;
externas;
tipos;
higiene;
limpeza;
desuso;
sucatas;
temperatura;
enferrujadas;
visivelmente;
urina;
fezes;
abril;
interditado;
publicacao;
deposito;
genero;
alimenticio;
adquirido;
paragrafo;
disponha;
providenciara;
imediatamente;
locacao;
provisoria;
abrigar;
higidez;
providencie;
urgencia;
emergencia;
completa;
dedetizacao;
escolhido;
novo;
espaco;
permita;
satisfatoria;
construido;
deu;
envolvendo;
instancias;
fabricacao;
contendo;
fichas;
prateleira;
laudos;
periodicos;
estocados;
descumprimento;
compromisso;
iniciais;
desnecessaria;
necessarios;
disponibilizada;
mapa;
registram;
quantitativos;
marca;
impossibilita;
remessa;
mao;
integradas;
tivemos;
efetuada;
empresas;
contratadas;
criados;
criacao;
completos;
aceitabilidade;
testes;
introducao;
alteracao;
preparo;
cardapios;
caracteriza;
diversificadas;
prol;
educando;
implementados;
conhece;
nivel;
novas;
efetuou;
sigpc;
emitida;
consequencia;
repasses;
sigepc;
impropiedades;
contaminados;
sugeriu;
material;
encontramos;
proximos;
perfurados;
kg;
mingau;
milho;
mingal;
arroz;
farinha;
poupa;
tomate;
canjiquinha;
biscoitos;
dezembro;
sacos;
acucar;
caixas;
polpa;
contaminadas;
interacao;
representantes;
assunto;
confirmacao;
chegou;
consenso;
estocada;
deveria;
descartada;
descarte;
trouxesse;
semana;
veiculado;
imprensa;
toneladas;
passou;
apurar;
fatores;
deram;
causa;
estocagem;
primeiramente;
processos;
licitatorios;
aquisicoes;
exercicios;
disponibilizou;
compras;
dispensa;
referido;
descartados;
extrato;
consideravel;
vinham;
adquiridas;
custo;
precos;
aditada;
acrescimo;
vinha;
praticada;
quitar;
ndegs;
datadas;
providencia;
esclarecimento;
prefeita;
publicou;
interdicao;
lamentavel;
estarrecedor;
desperdicio;
aproximadamente;
dezessete;
totalidade;
constituido;
exclusivamente;
encerrada;
irremediavel;
detectada;
determinaram;
apreensao;
aterro;
sanitario;
guardados;
t;
procuradoria;
compete;
representante;
ajuizar;
objetivando;
condenacao;
civel;
penal;
culminando;
ocasionadas;
abrir;
disciplinares;
infracoes;
cometidas;
efetivos;
culminou;
entra;
devendo;
viger;
prorrogavel;
tempo;
registre;
publlque;
cumpra;
amanda;
quiinta;
rangell;
prefeiita;
muniiciipal;
comissao;
buscando;
dano;
causas;
envolvido;
prejuizos;
causados;
politica;
naquele;
obtencao;
possibilitasse;
rastreamento;
voltados;
expansao;
efetivacao;
resolutiva;
competitividade;
cobranca;
reproducao;
grafica;
exigencia;
interessado;
medicos;
correlatos;
pronto;
odontologico;
exigiram;
taxa;
anexos;
poderao;
interessarem;
certame;
terceiro;
andar;
localizado;
rua;
atila;
vivacqua;
devera;
recolhido;
bancaria;
tributacao;
uteis;
horario;
identificado;
carteira;
identidade;
cartao;
inscricao;
cnpj;
autenticada;
endereco;
completo;
correspondencia;
telefone;
faxfl;
SS;
finao;
exigira;
artigo;
recolhimento;
taxas;
emolumentos;
elementos;
fornecidafl;
fie;
custos;
casofl;
humanizada;
licitacoes;
interessadas;
mercado;
n;
pasta;
temos;
assiste;
pautado;
legalidade;
eficiencia;
permitindo;
previsoes;
ocorram;
atuais;
ocorrido;
justificar;
errofl;
reconheceu;
constituindo;
previu;
analisados;
estabeleceram;
aceitacao;
habil;
rasuras;
emendas;
atestacao;
processamento;
ocorrendo;
fiart;
indicara;
obrigatoriamente;
xiv;
prevendo;
contado;
adimplemento;
parcela;
ressalte;
clausula;
insculpido;
cf;
constitui;
competicao;
onerar;
excessivamente;
fluxo;
caixa;
exclusivo;
atos;
cabem;
alteracoes;
autoridade;
recurso;
via;
fax;
sedexfl;
proibicao;
ficfl;
amparo;
leis;
supracitadas;
podendo;
acarretado;
afastamento;
vedar;
amplamente;
disseminados;
comunicacao;
i;
licitantes;
enviar;
h;
enviara;
laudo;
fator;
condicionante;
proponente;
credenciamento;
apresentar;
automaticamente;
jurisprudencia;
tcu;
acordao;
plenario;
segundo;
licitante;
declarado;
constar;
resultar;
desclassificacao;
principios;
vinculacao;
convocatorio;
isonomia;
igualdade;
arts;
dispositivo;
minutas;
contratos;
acordos;
convenios;
ajustes;
assessoria;
juridica;
ocorra;
tao;
ratificou;
impropriedade;
clausulas;
atilio;
essa;
obice;
forca;
interessados;
comparecerem;
pessoalmente;
tomar;
ciencia;
detalhes;
poderia;
disponivel;
site;
ampliar;
divulgacao;
previsto;
produto;
potenciais;
fornecedores;
observaram;
necessitam;
adaptacao;
disposicao;
analisadas;
estimular;
subsidiar;
praticas;
desconformidades;
circulacao;
termometro;
equipamento;
funciona;
instalacao;
eletrica;
sinais;
goteiras;
teto;
estando;
gesso;
forro;
perfurado;
gotejamento;
f;
subitens;
instrucoes;
contudo;
decorrente;
acondicionados;
realocados;
visitado;
envidando;
esforcos;
sttuacao;
vide;
quesito;
consciencia;
gerais;
almoxarifados;
goteira;
reparo;
questionamento;
relato;
nestas;
nenhum;
localizam;
emitem;
prescritos;
gratuito;
cria;
deslocar;
gratuita;
centralizacao;
basicos;
descentralizacao;
aproximacao;
gm;
infra;
estrutura;
pactuados;
nacionalmente;
constatado;
responder;
fizesse;
mostrou;
inviavel;
optou;
rodizio;
farmaceutico;
visitaria;
perante;
regional;
interior;
haver;
conjunta;
enfermagem;
medicina;
estivesse;
entao;
realidade;
seria;
faria;
obrigou;
imediata;
informada;
protocolado;
decretos;
justificam;
flapresentou;
coordenacao;
obriga;
postos;
desativados;
supostamente;
filei;
provar;
regionais;
essas;
exercidas;
registrados;
estabelecendo;
profissao;
privativas;
funcoes;
manipulacao;
formulas;
farmocopeicas;
natureza;
ii;
depositos;
sanitarista;
xv;
consumidor;
titulo;
remunerado;
drogaria;
terao;
inscrito;
comercio;
representacao;
importacao;
exportacao;
exercido;
licenciados;
territorios;
supletiva;
baixada;
disposicoes;
fracionamento;
instituidas;
estabelecem;
obedecidos;
codigo;
brasileiro;
exercer;
medico;
dentista;
autorizacao;
lhe;
limites;
pena;
detencao;
crime;
praticado;
lucro;
multa;
desativacao;
fias;
tecnico;
profissionalmente;
hospitalar;
mui;
respeitosamente;
comunicar;
assistidas;
tecnicamente;
demonstrado;
imensa;
maioria;
brasileiros;
claro;
linhas;
fiscalizadora;
resultando;
nesta;
determinando;
fechamento;
ampara;
fechar;
conexao;
dispoem;
restringe;
transcritas;
assessoramento;
vislumbra;
argumento;
valido;
justifique;
principalmente;
imenso;
civil;
dependencias;
divulga;
regulamentado;
ampla;
fortalecer;
escolaridade;
preservar;
privacidade;
mensalmente;
forum;
camara;
sindicato;
mural;
incluldas;
ademais;
pr;
semas;
pk;
disponibilizando;
oficioss;
obstante;
encaminha;
diversos;
oficios;
protocolados;
visto;
identificada;
disponibiliza;
vii;
estabelecer;
governamentais;
desenvolvidas;
quarta;
consistindo;
alfabetizacao;
geracao;
convocacao;
agendara;
elaborar;
ics;
cmas;
exerce;
atribuicao;
incisos;
v;
divulgar;
remanescentes;
nomes;
cumpriram;
levaram;
sancoes;
respectiva;
estara;
encaminhando;
cargo;
cotejando;
respostas;
conselheiro;
elencadas;
citamos;
comunicou;
comas;
inerentes;
conteudo;
depreende;
cofinanciamento;
conta;
fixo;
destinacao;
cofinanciar;
aprimoramento;
projetos;
independentemente;
despesa;
corrente;
capital;
extratos;
bancarios;
destinada;
brasil;
corresponde;
vezes;
repassado;
decorrentes;
executou;
assistenciais;
realize;
aprovar;
proposta;
orcamentaria;
consonancia;
diretrizes;
conferencias;
nacionais;
distrital;
instituida;
infraestrutura;
pleno;
normativas;
particularmente;
lembramos;
assitencia;
cnas;
fiscalizar;
desempenhadas;
preteridas;
enviou;
ira;
estruturar;
suporte;
comasipk;
